{"cameraMode":{"drawMode":0,"name":"Shaded","section":"Shading Mode"},"sceneLighting":true,"audioPlay":false,"sceneViewState":{"m_AlwaysRefresh":false,"showFog":true,"showSkybox":true,"showFlares":true,"showImageEffects":true,"showParticleSystems":true,"showVisualEffectGraphs":true,"m_FxEnabled":true},"in2DMode":false,"pivot":{"x":-1.2881441116333008,"y":-1.1193387508392335,"z":38.06844711303711},"rotation":{"x":0.020787876099348069,"y":-0.9633173942565918,"z":0.07728017866611481,"w":0.2569400668144226},"size":3.433168411254883,"orthographic":false}